model,best_fraction,best_expected_value
random_targeting,0.99,210670.14723203745
response_catboost,0.92,221001.97729316627
t_learner_catboost,0.6900000000000001,251117.41173162241
x_learner_catboost,0.5700000000000001,255618.24756670574
transformer_two_head,0.9600000000000001,202353.64172425418
