margin,cost,best_fraction,best_expected_value
150,2.5,0.5700000000000001,127809.12378335287
150,5.0,0.29000000000000004,78570.06371526787
150,10.0,0.14,30081.194241587073
300,2.5,0.85,333528.72691533907
300,5.0,0.5700000000000001,255618.24756670574
300,10.0,0.29000000000000004,157140.12743053574
600,2.5,0.87,752555.9732321452
600,5.0,0.85,667057.4538306781
600,10.0,0.5700000000000001,511236.4951334115
